<?xml version="1.0" encoding="UTF-8"?><rss version="2.0"
	xmlns:content="http://purl.org/rss/1.0/modules/content/"
	xmlns:wfw="http://wellformedweb.org/CommentAPI/"
	xmlns:dc="http://purl.org/dc/elements/1.1/"
	xmlns:atom="http://www.w3.org/2005/Atom"
	xmlns:sy="http://purl.org/rss/1.0/modules/syndication/"
	xmlns:slash="http://purl.org/rss/1.0/modules/slash/"
	
	xmlns:georss="http://www.georss.org/georss"
	xmlns:geo="http://www.w3.org/2003/01/geo/wgs84_pos#"
	>

<channel>
	<title>Uncategorized Archives - Åntares</title>
	<atom:link href="/product-category/uncategorized/feed/" rel="self" type="application/rss+xml" />
	<link>/product-category/uncategorized/</link>
	<description>Make and build your customizable model rocket</description>
	<lastBuildDate>Tue, 19 Nov 2024 09:53:07 +0000</lastBuildDate>
	<language>en-US</language>
	<sy:updatePeriod>
	hourly	</sy:updatePeriod>
	<sy:updateFrequency>
	1	</sy:updateFrequency>
	<generator>https://wordpress.org/?v=6.7</generator>
	<item>
		<title>AntaresBox</title>
		<link>/product/antaresbox/</link>
					<comments>/product/antaresbox/#respond</comments>
		
		<dc:creator><![CDATA[Marcos]]></dc:creator>
		<pubDate>Tue, 19 Nov 2024 09:40:47 +0000</pubDate>
				<guid isPermaLink="false">/?post_type=product#038;p=96</guid>

					<description><![CDATA[<p>Our classic AntaresBox model rocket. Learn and discover the world of science behind rockets, all while having fun with this product for all ages.</p>
<p>The post <a href="/product/antaresbox/">AntaresBox</a> appeared first on <a href="">Åntares</a>.</p>
]]></description>
										<content:encoded><![CDATA[<p>Our classic AntaresBox model rocket is a modern rendition of the old rocket models, made not only for Launchig, but for learning along the way, and building something for yourself.</p>
<p>It includes:</p>
<ul>
<li>2x Structure frames</li>
<li>1x Nosecone</li>
<li> 4x Fins</li>
<li>1x Fincan</li>
<li>4x Reflective stickers</li>
<li>1x Parachute</li>
<li>3x C5 Engines</li>
</ul>
<p>The post <a href="/product/antaresbox/">AntaresBox</a> appeared first on <a href="">Åntares</a>.</p>
]]></content:encoded>
					
					<wfw:commentRss>/product/antaresbox/feed/</wfw:commentRss>
			<slash:comments>0</slash:comments>
		
		
		<post-id xmlns="com-wordpress:feed-additions:1">96</post-id>	</item>
	</channel>
</rss>
